{
    "accuracy_score": 0.7146255391452098,
    "log_loss": 0.5828027062606922,
    "mean_growth": 0.9906018378647767,
    "risk": 0.550018128851313,
    "sharpe_ratio": 0.03666216560674476
}
