{
    "accuracy_score": 0.7287612226892937,
    "log_loss": 0.533481637292019,
    "mean_growth": 1.017542437587185,
    "risk": 0.5767022203850471,
    "sharpe_ratio": 0.06102859624648492
}
