{
    "accuracy_score": 0.7012155273820415,
    "log_loss": 0.6010459242471222,
    "mean_growth": 0.9827720600642732,
    "risk": 0.5091877267695339,
    "sharpe_ratio": 0.024564052474539824
}
