{
    "accuracy_score": 0.4768265586197883,
    "log_loss": 0.938075248881611,
    "mean_growth": 0.0,
    "risk": 0.1561635587973735,
    "sharpe_ratio": -0.020598655541225724
}
