{
    "accuracy_score": 0.7263739685505216,
    "log_loss": 0.5337688814457948,
    "mean_growth": 1.0183909106448705,
    "risk": 0.5176336093899213,
    "sharpe_ratio": 0.06516497771512603
}
