{
    "accuracy_score": 0.7287612226892937,
    "log_loss": 0.533481637292019,
    "edge": 0.0175424375871851,
    "risk": 0.1729956047015458,
    "signal_to_noise_ratio": 0.10140394964050986
}
