{
    "accuracy_score": 0.7208304365545514,
    "log_loss": 0.5471678615817231,
    "mean_growth": 1.0103780871222716,
    "risk": 0.5152641873946532,
    "sharpe_ratio": 0.04107079430765231
}