{
    "accuracy_score": 0.7245575795318906,
    "log_loss": 0.5396548520289347,
    "mean_growth": 1.015260905993639,
    "risk": 0.5726638736323774,
    "sharpe_ratio": 0.05100116581303715
}
