{
    "accuracy_score": 0.7208304365545514,
    "log_loss": 0.5471678615817231,
    "bankroll_mean_growth": 1.0103780871222716
}